Filename,Label
biden_58_0.mp4,Negative
biden_124_0.mp4,Neutral
biden_138_0.mp4,Neutral
biden_139_2.mp4,Neutral
biden_143_0.mp4,Negative
biden_143_2.mp4,Neutral
biden_274_0.mp4,Negative
biden_308_0.mp4,Negative
biden_411_0.mp4,Negative
biden_434_0_0.mp4,Neutral
biden_582_1.mp4,Neutral
biden_611_0.mp4,Positive
biden_643_0.mp4,Positive
biden_649_0.mp4,Positive
biden_850_0.mp4,Neutral
biden_931_0.mp4,Neutral
biden_1051_0.mp4,Negative
biden_1080_0.mp4,Neutral
biden_135_2.mp4,Neutral
biden_138_1.mp4,Negative
biden_177_0.mp4,Neutral
biden_824_4.mp4,Neutral
biden_1026_0.mp4,Negative
biden_1566_3.mp4,Neutral
biden_2095_0.mp4,Positive
biden_3792_2.mp4,Neutral
biden_3930_0.mp4,Positive
biden_4186_3.mp4,Neutral
biden_4642_4.mp4,Neutral
biden_4896_3.mp4,Negative
biden_4991_1.mp4,Neutral
biden_5337_1.mp4,Positive
biden_5493_0.mp4,Neutral
biden_5610_0_0.mp4,Neutral
biden_6786_5.mp4,Neutral
biden_52_1.mp4,Neutral
biden_121_0.mp4,Neutral
biden_139_1.mp4,Neutral
biden_232_1.mp4,Negative
biden_277_4_0.mp4,Neutral
biden_372_1_0.mp4,Positive
biden_485_0.mp4,Negative
biden_562_0.mp4,Negative
biden_603_5_0.mp4,Neutral
biden_700_0_0.mp4,Positive
biden_726_3.mp4,Neutral
biden_893_0_0.mp4,Positive
biden_941_1_0.mp4,Positive
biden_1035_3.mp4,Neutral
biden_1070_0.mp4,Neutral
biden_1109_2.mp4,Neutral
biden_1128_0_0.mp4,Negative
biden_1330_0.mp4,Neutral
biden_1364_0.mp4,Neutral
biden_1374_4.mp4,Neutral
biden_1411_0.mp4,Neutral
biden_2096_0.mp4,Neutral
biden_2324_3_0.mp4,Positive
biden_2471_2.mp4,Neutral
biden_2798_0.mp4,Neutral
biden_2825_0.mp4,Neutral
biden_2978_3.mp4,Neutral
biden_2980_0.mp4,Neutral
biden_3001_0.mp4,Neutral
biden_3266_1.mp4,Neutral
biden_3270_5.mp4,Negative
biden_3287_3.mp4,Neutral
biden_3329_1.mp4,Negative
biden_3396_0.mp4,Neutral
biden_3396_2_0.mp4,Neutral
biden_3398_0.mp4,Neutral
biden_3529_0.mp4,Positive
biden_3537_4.mp4,Neutral
biden_3780_4.mp4,Positive
biden_3818_2.mp4,Neutral
biden_3918_0.mp4,Positive
biden_3948_0.mp4,Negative
biden_4129_1.mp4,Neutral
biden_4318_0.mp4,Neutral
biden_4327_1.mp4,Neutral
biden_4372_0.mp4,Positive
biden_4582_0.mp4,Neutral
biden_4978_0_3.mp4,Positive
biden_5023_0.mp4,Neutral
biden_5212_0.mp4,Neutral
biden_5221_0.mp4,Negative
biden_5276_4.mp4,Positive
biden_5426_2.mp4,Neutral
biden_5526_0_2.mp4,Positive
biden_5581_1.mp4,Positive
biden_5596_3.mp4,Neutral
biden_5617_3.mp4,Neutral
biden_5810_0.mp4,Neutral
biden_5814_0.mp4,Neutral
biden_5973_1.mp4,Neutral
biden_6324_0.mp4,Negative
biden_6466_3.mp4,Positive
biden_6557_2.mp4,Neutral
biden_6560_2.mp4,Neutral
biden_6568_2.mp4,Neutral
biden_6645_0.mp4,Neutral
biden_6813_2.mp4,Neutral
biden_7084_0.mp4,Positive
biden_7316_0.mp4,Neutral
biden_7380_5.mp4,Neutral
biden_7398_4.mp4,Neutral
biden_7443_0_0.mp4,Positive
biden_51_4.mp4,Neutral
biden_121_1.mp4,Neutral
biden_121_5.mp4,Neutral
biden_135_1.mp4,Neutral
biden_427_0_1.mp4,Neutral
biden_434_0_6.mp4,Neutral
biden_579_0.mp4,Neutral
biden_603_3_0.mp4,Neutral
biden_627_1.mp4,Neutral
biden_670_0.mp4,Neutral
biden_670_1.mp4,Neutral
biden_705_0.mp4,Positive
biden_844_0.mp4,Positive
biden_893_0_1.mp4,Positive
biden_1039_0.mp4,Neutral
biden_1215_0.mp4,Neutral
biden_1307_1_0.mp4,Neutral
biden_1579_1_0.mp4,Positive
biden_1785_0.mp4,Positive
biden_1944_0.mp4,Negative
biden_2083_0_1.mp4,Neutral
biden_2083_1.mp4,Neutral
biden_2339_0.mp4,Positive
biden_2537_2.mp4,Neutral
biden_2580_3.mp4,Neutral
biden_2828_0.mp4,Neutral
biden_2878_3.mp4,Neutral
biden_2925_0.mp4,Neutral
biden_2938_0.mp4,Neutral
biden_3102_0.mp4,Neutral
biden_3250_7.mp4,Negative
biden_3297_0.mp4,Neutral
biden_3324_2.mp4,Positive
biden_3635_0.mp4,Neutral
biden_3659_3.mp4,Neutral
biden_3679_3.mp4,Positive
biden_3679_5.mp4,Neutral
biden_3696_1.mp4,Neutral
biden_3818_4.mp4,Neutral
biden_3977_1.mp4,Neutral
biden_4004_4.mp4,Neutral
biden_4103_6.mp4,Neutral
biden_4161_3.mp4,Neutral
biden_4229_1.mp4,Negative
biden_4290_0.mp4,Neutral
biden_4310_0.mp4,Neutral
biden_4335_0.mp4,Neutral
biden_4409_2.mp4,Neutral
biden_4475_1.mp4,Negative
biden_4534_3.mp4,Negative
biden_4539_1.mp4,Neutral
biden_4922_0.mp4,Neutral
biden_4928_0.mp4,Positive
biden_4956_0.mp4,Neutral
biden_4961_0.mp4,Neutral
biden_4991_3.mp4,Neutral
biden_5186_0.mp4,Positive
biden_5376_0_0.mp4,Positive
biden_5413_0.mp4,Negative
biden_5432_1.mp4,Neutral
biden_5596_0.mp4,Positive
biden_5617_2.mp4,Neutral
biden_5634_0.mp4,Neutral
biden_5869_4.mp4,Neutral
biden_5890_2.mp4,Negative
biden_5925_2.mp4,Positive
biden_5959_3.mp4,Neutral
biden_5991_3.mp4,Neutral
biden_5999_6.mp4,Neutral
biden_6277_3.mp4,Neutral
biden_6298_0.mp4,Neutral
biden_6381_0.mp4,Neutral
biden_6484_0.mp4,Neutral
biden_6694_3.mp4,Negative
biden_6769_0.mp4,Negative
biden_6839_1.mp4,Neutral
biden_6970_1.mp4,Positive
biden_7053_0_0.mp4,Neutral
biden_7089_2.mp4,Neutral
biden_7283_0_0.mp4,Positive
biden_7362_7.mp4,Neutral
biden_21_3.mp4,Neutral
biden_51_1.mp4,Neutral
biden_311_1.mp4,Neutral
biden_579_0_2.mp4,Negative
biden_635_0.mp4,Neutral
biden_765_0.mp4,Neutral
biden_844_0_0.mp4,Negative
biden_937_0.mp4,Positive
biden_1151_1.mp4,Neutral
biden_1912_1.mp4,Positive
biden_2356_1.mp4,Positive
biden_2586_0_1.mp4,Neutral
biden_2925_1.mp4,Neutral
biden_3102_2.mp4,Positive
biden_3166_1.mp4,Neutral
biden_3186_1.mp4,Neutral
biden_3224_2.mp4,Neutral
biden_3299_2.mp4,Neutral
biden_3302_1.mp4,Neutral
biden_3444_0_0.mp4,Neutral
biden_3476_0.mp4,Neutral
biden_3659_9.mp4,Neutral
biden_3853_4.mp4,Neutral
biden_3857_2.mp4,Neutral
biden_3944_4.mp4,Neutral
biden_3989_0_2.mp4,Neutral
biden_4004_5.mp4,Neutral
biden_4105_0.mp4,Neutral
biden_4353_0.mp4,Neutral
biden_4399_3.mp4,Neutral
biden_4399_5.mp4,Neutral
biden_4417_2.mp4,Neutral
biden_4561_0.mp4,Neutral
biden_4573_2.mp4,Neutral
biden_4663_0.mp4,Neutral
biden_4745_6_0.mp4,Positive
biden_4896_2.mp4,Negative
biden_5002_6.mp4,Neutral
biden_5059_2.mp4,Neutral
biden_5131_1.mp4,Positive
biden_5274_0.mp4,Positive
biden_5293_0.mp4,Neutral
biden_5347_0.mp4,Positive
biden_5379_0_1.mp4,Neutral
biden_5426_0.mp4,Positive
biden_5580_0.mp4,Negative
biden_5684_2.mp4,Neutral
biden_6018_0_2.mp4,Positive
biden_6054_0.mp4,Neutral
biden_6087_1.mp4,Neutral
biden_6193_2.mp4,Neutral
biden_6355_1.mp4,Negative
biden_6391_1.mp4,Neutral
biden_6415_2.mp4,Neutral
biden_6468_0.mp4,Neutral
biden_6841_1.mp4,Neutral
biden_6943_0.mp4,Neutral
biden_7180_9.mp4,Negative
biden_7265_0.mp4,Positive
biden_7318_1.mp4,Neutral
biden_7318_2.mp4,Neutral
biden_7356_1.mp4,Neutral
buttigieg_1309_0.mp4,Neutral
buttigieg_142_0_0.mp4,Neutral
buttigieg_1588_0.mp4,Neutral
buttigieg_16_0.mp4,Negative
buttigieg_17_0.mp4,Positive
buttigieg_1734_2.mp4,Neutral
buttigieg_1934_4.mp4,Neutral
buttigieg_1997_2.mp4,Neutral
buttigieg_2104_0.mp4,Positive
buttigieg_211_1.mp4,Neutral
buttigieg_24_0.mp4,Neutral
buttigieg_25_0.mp4,Neutral
buttigieg_25_1.mp4,Neutral
buttigieg_3_0.mp4,Neutral
buttigieg_30_0.mp4,Positive
buttigieg_3010_7.mp4,Negative
buttigieg_3149_0.mp4,Positive
buttigieg_35_0_0.mp4,Positive
buttigieg_3611_0_0.mp4,Neutral
buttigieg_3807_1.mp4,Neutral
buttigieg_39_0_0.mp4,Positive
buttigieg_4197_0_0.mp4,Neutral
buttigieg_43_0.mp4,Positive
buttigieg_48_0_0.mp4,Negative
buttigieg_613_0.mp4,Positive
buttigieg_789_0.mp4,Positive
buttigieg_1007_1.mp4,Neutral
buttigieg_1011_2.mp4,Neutral
buttigieg_1071_0.mp4,Neutral
buttigieg_1079_3.mp4,Positive
buttigieg_1096_0_8.mp4,Neutral
buttigieg_1148_5.mp4,Neutral
buttigieg_117_5_0.mp4,Neutral
buttigieg_1206_0.mp4,Positive
buttigieg_1207_0.mp4,Neutral
buttigieg_1247_1.mp4,Neutral
buttigieg_1269_2.mp4,Positive
buttigieg_1272_0.mp4,Positive
buttigieg_1299_0_0.mp4,Positive
buttigieg_13_0_3.mp4,Neutral
buttigieg_1311_0.mp4,Neutral
buttigieg_1323_3_0.mp4,Neutral
buttigieg_1340_10_0.mp4,Neutral
buttigieg_1396_1.mp4,Neutral
buttigieg_1420_1.mp4,Neutral
buttigieg_1455_1.mp4,Positive
buttigieg_1462_2.mp4,Neutral
buttigieg_1498_0.mp4,Neutral
buttigieg_1535_4.mp4,Neutral
buttigieg_1617_1_0.mp4,Neutral
buttigieg_1631_4.mp4,Neutral
buttigieg_1635_1.mp4,Positive
buttigieg_1637_2_0.mp4,Neutral
buttigieg_1641_4_1.mp4,Neutral
buttigieg_1669_2.mp4,Neutral
buttigieg_1711_1.mp4,Neutral
buttigieg_1711_4.mp4,Neutral
buttigieg_1715_2.mp4,Neutral
buttigieg_1723_1_1.mp4,Positive
buttigieg_1732_4.mp4,Neutral
buttigieg_1744_5.mp4,Neutral
buttigieg_177_1.mp4,Neutral
buttigieg_1781_2_0.mp4,Neutral
buttigieg_1786_1.mp4,Neutral
buttigieg_1787_1.mp4,Positive
buttigieg_1788_0.mp4,Positive
buttigieg_1796_0.mp4,Positive
buttigieg_1802_8.mp4,Neutral
buttigieg_1813_1.mp4,Neutral
buttigieg_1818_0.mp4,Neutral
buttigieg_1841_0.mp4,Neutral
buttigieg_1844_0.mp4,Neutral
buttigieg_1850_1_0.mp4,Neutral
buttigieg_1857_2.mp4,Neutral
buttigieg_1859_1.mp4,Positive
buttigieg_1871_2.mp4,Negative
buttigieg_1960_0_0.mp4,Positive
buttigieg_1976_1.mp4,Neutral
buttigieg_2010_13.mp4,Neutral
buttigieg_2010_4.mp4,Neutral
buttigieg_2067_1.mp4,Neutral
buttigieg_2069_5.mp4,Neutral
buttigieg_21_0_1.mp4,Neutral
buttigieg_2121_5.mp4,Neutral
buttigieg_2130_0.mp4,Neutral
buttigieg_2138_1.mp4,Neutral
buttigieg_2146_2.mp4,Positive
buttigieg_2147_4.mp4,Neutral
buttigieg_2219_0.mp4,Positive
buttigieg_2249_0_0.mp4,Neutral
buttigieg_2293_1.mp4,Positive
buttigieg_2293_4.mp4,Positive
buttigieg_2337_2.mp4,Neutral
buttigieg_2345_0_0.mp4,Positive
buttigieg_2353_1.mp4,Neutral
buttigieg_237_0.mp4,Neutral
buttigieg_2382_0.mp4,Neutral
buttigieg_2404_0.mp4,Neutral
buttigieg_2511_3.mp4,Neutral
buttigieg_2512_1.mp4,Neutral
buttigieg_2543_0.mp4,Positive
buttigieg_2574_1.mp4,Positive
buttigieg_2637_0.mp4,Neutral
buttigieg_2667_5.mp4,Neutral
buttigieg_2670_2.mp4,Neutral
buttigieg_2704_0.mp4,Neutral
buttigieg_2735_3_0.mp4,Neutral
buttigieg_2749_0.mp4,Positive
buttigieg_2761_4.mp4,Neutral
buttigieg_2767_0.mp4,Neutral
buttigieg_2850_3.mp4,Neutral
buttigieg_2851_0.mp4,Positive
buttigieg_2866_0.mp4,Neutral
buttigieg_2883_1_1.mp4,Neutral
buttigieg_2957_4.mp4,Neutral
buttigieg_2961_1.mp4,Neutral
buttigieg_297_1.mp4,Positive
buttigieg_2994_1.mp4,Positive
buttigieg_3001_0.mp4,Neutral
buttigieg_3012_3.mp4,Positive
buttigieg_3018_0.mp4,Positive
buttigieg_3085_0.mp4,Neutral
buttigieg_3092_1.mp4,Positive
buttigieg_3106_0.mp4,Neutral
buttigieg_3109_1.mp4,Neutral
buttigieg_3119_4.mp4,Neutral
buttigieg_3171_5.mp4,Neutral
buttigieg_3172_3.mp4,Neutral
buttigieg_3183_0.mp4,Positive
buttigieg_3183_11.mp4,Neutral
buttigieg_3211_0.mp4,Neutral
buttigieg_3238_3.mp4,Neutral
buttigieg_3259_0.mp4,Neutral
buttigieg_3283_0.mp4,Neutral
buttigieg_3321_1.mp4,Neutral
buttigieg_3340_0.mp4,Neutral
buttigieg_3341_3.mp4,Neutral
buttigieg_3370_2.mp4,Neutral
buttigieg_3377_0.mp4,Neutral
buttigieg_3396_5.mp4,Neutral
buttigieg_3406_0.mp4,Neutral
buttigieg_3412_1.mp4,Neutral
buttigieg_3444_4.mp4,Neutral
buttigieg_3475_2_0.mp4,Positive
buttigieg_3487_2.mp4,Positive
buttigieg_3493_1.mp4,Neutral
buttigieg_3506_0.mp4,Neutral
buttigieg_3506_1.mp4,Neutral
buttigieg_3530_0.mp4,Neutral
buttigieg_3541_0_0.mp4,Neutral
buttigieg_3578_1.mp4,Positive
buttigieg_3582_5.mp4,Neutral
buttigieg_3588_0.mp4,Neutral
buttigieg_3633_0.mp4,Neutral
buttigieg_3677_0.mp4,Neutral
buttigieg_3685_2.mp4,Positive
buttigieg_3714_0.mp4,Neutral
buttigieg_3728_0.mp4,Positive
buttigieg_3738_0.mp4,Neutral
buttigieg_3764_1_0.mp4,Neutral
buttigieg_3798_3.mp4,Neutral
buttigieg_3843_0.mp4,Positive
buttigieg_3849_4.mp4,Positive
buttigieg_3893_0.mp4,Neutral
buttigieg_3901_1_0.mp4,Neutral
buttigieg_3912_2.mp4,Neutral
buttigieg_3915_0.mp4,Neutral
buttigieg_392_0.mp4,Positive
buttigieg_3922_0.mp4,Neutral
buttigieg_393_0.mp4,Positive
buttigieg_3966_4.mp4,Neutral
buttigieg_3968_0_4.mp4,Positive
buttigieg_3970_0.mp4,Neutral
buttigieg_4027_1_0.mp4,Neutral
buttigieg_4062_2.mp4,Neutral
buttigieg_4078_0.mp4,Positive
buttigieg_4081_0.mp4,Neutral
buttigieg_4093_0.mp4,Neutral
buttigieg_4139_1.mp4,Neutral
buttigieg_4149_0.mp4,Neutral
buttigieg_4254_2.mp4,Positive
buttigieg_455_3.mp4,Neutral
buttigieg_477_2.mp4,Neutral
buttigieg_48_1.mp4,Neutral
buttigieg_58_1_0.mp4,Positive
buttigieg_619_1.mp4,Positive
buttigieg_619_6_0.mp4,Positive
buttigieg_631_2.mp4,Positive
buttigieg_671_1_0.mp4,Neutral
buttigieg_680_0_1.mp4,Positive
buttigieg_762_2.mp4,Positive
buttigieg_764_2.mp4,Neutral
buttigieg_771_0.mp4,Neutral
buttigieg_797_5.mp4,Neutral
buttigieg_797_5_1.mp4,Neutral
buttigieg_848_0.mp4,Positive
buttigieg_897_2.mp4,Neutral
buttigieg_926_6.mp4,Neutral
buttigieg_929_1.mp4,Positive
buttigieg_946_2.mp4,Positive
buttigieg_98_2.mp4,Neutral
klobuchar_10_0.mp4,Positive
klobuchar_1043_0_1.mp4,Positive
klobuchar_1052_1.mp4,Positive
klobuchar_1154_1.mp4,Neutral
klobuchar_12_0.mp4,Positive
klobuchar_1278_0.mp4,Positive
klobuchar_14_0_0.mp4,Positive
klobuchar_1488_1.mp4,Positive
klobuchar_15_0.mp4,Positive
klobuchar_1687_1.mp4,Neutral
klobuchar_1816_0_2.mp4,Neutral
klobuchar_1857_0.mp4,Positive
klobuchar_1914_0.mp4,Neutral
klobuchar_2_0.mp4,Positive
klobuchar_20_0.mp4,Positive
klobuchar_2163_0.mp4,Neutral
klobuchar_2197_3.mp4,Neutral
klobuchar_2393_0.mp4,Positive
klobuchar_25_0.mp4,Neutral
klobuchar_26_0.mp4,Neutral
klobuchar_27_0.mp4,Positive
klobuchar_28_0.mp4,Positive
klobuchar_29_0.mp4,Positive
klobuchar_30_0.mp4,Positive
klobuchar_31_0_0.mp4,Positive
klobuchar_34_0.mp4,Positive
klobuchar_4_0.mp4,Positive
klobuchar_414_1.mp4,Positive
klobuchar_43_0.mp4,Neutral
klobuchar_449_3_2.mp4,Neutral
klobuchar_45_0.mp4,Positive
klobuchar_46_0.mp4,Positive
klobuchar_481_4.mp4,Neutral
klobuchar_538_3.mp4,Neutral
klobuchar_7_0.mp4,Positive
klobuchar_992_0.mp4,Positive
klobuchar_1001_2.mp4,Neutral
klobuchar_1002_0.mp4,Positive
klobuchar_1010_0.mp4,Positive
klobuchar_1010_0_1.mp4,Positive
klobuchar_1015_1.mp4,Positive
klobuchar_1059_1_0.mp4,Neutral
klobuchar_1061_0.mp4,Neutral
klobuchar_1070_0.mp4,Neutral
klobuchar_1082_0.mp4,Neutral
klobuchar_1082_2.mp4,Positive
klobuchar_1093_0.mp4,Neutral
klobuchar_11_3.mp4,Neutral
klobuchar_1109_0_0.mp4,Neutral
klobuchar_1109_0_1.mp4,Neutral
klobuchar_1129_2.mp4,Neutral
klobuchar_1130_2.mp4,Positive
klobuchar_1133_1.mp4,Neutral
klobuchar_1138_0.mp4,Neutral
klobuchar_1138_2.mp4,Neutral
klobuchar_1149_0.mp4,Positive
klobuchar_115_0_1.mp4,Negative
klobuchar_1154_0.mp4,Neutral
klobuchar_1155_2.mp4,Neutral
klobuchar_1155_5.mp4,Positive
klobuchar_1168_1.mp4,Positive
klobuchar_1183_1.mp4,Neutral
klobuchar_1212_1.mp4,Positive
klobuchar_1237_1_0.mp4,Neutral
klobuchar_1244_0.mp4,Positive
klobuchar_1257_0.mp4,Neutral
klobuchar_1263_0.mp4,Positive
klobuchar_1264_0_0.mp4,Positive
klobuchar_1290_0.mp4,Neutral
klobuchar_1300_1.mp4,Neutral
klobuchar_1301_1.mp4,Neutral
klobuchar_1304_0_0.mp4,Negative
klobuchar_1307_3.mp4,Positive
klobuchar_1332_0_0.mp4,Neutral
klobuchar_1332_4.mp4,Positive
klobuchar_1333_1_0.mp4,Positive
klobuchar_1354_0.mp4,Neutral
klobuchar_1359_0.mp4,Neutral
klobuchar_1400_3.mp4,Neutral
klobuchar_141_1_3.mp4,Negative
klobuchar_1414_1.mp4,Neutral
klobuchar_1432_1.mp4,Neutral
klobuchar_1462_2.mp4,Positive
klobuchar_148_3.mp4,Positive
klobuchar_1491_0.mp4,Positive
klobuchar_1496_0.mp4,Neutral
klobuchar_1503_0.mp4,Positive
klobuchar_1506_0.mp4,Positive
klobuchar_1506_1_0.mp4,Neutral
klobuchar_1507_0.mp4,Positive
klobuchar_1512_1.mp4,Neutral
klobuchar_1513_3.mp4,Positive
klobuchar_1519_1.mp4,Positive
klobuchar_1536_2.mp4,Neutral
klobuchar_1539_1.mp4,Positive
klobuchar_1544_1.mp4,Neutral
klobuchar_1561_4.mp4,Neutral
klobuchar_1589_2.mp4,Neutral
klobuchar_1602_0_0.mp4,Neutral
klobuchar_1619_1.mp4,Positive
klobuchar_1624_0.mp4,Neutral
klobuchar_1633_0.mp4,Positive
klobuchar_1633_1.mp4,Positive
klobuchar_1664_4.mp4,Neutral
klobuchar_1675_0.mp4,Positive
klobuchar_1699_1.mp4,Positive
klobuchar_1721_0.mp4,Negative
klobuchar_173_0.mp4,Positive
klobuchar_1770_1_0.mp4,Neutral
klobuchar_1820_4.mp4,Neutral
klobuchar_1837_1.mp4,Positive
klobuchar_1837_3.mp4,Neutral
klobuchar_1839_3.mp4,Neutral
klobuchar_1855_2_0.mp4,Neutral
klobuchar_1858_1.mp4,Neutral
klobuchar_1871_1_4.mp4,Neutral
klobuchar_190_1.mp4,Positive
klobuchar_192_0.mp4,Neutral
klobuchar_192_1.mp4,Positive
klobuchar_193_0.mp4,Neutral
klobuchar_195_2_0.mp4,Positive
klobuchar_1950_0.mp4,Neutral
klobuchar_1953_2.mp4,Positive
klobuchar_1959_3_0.mp4,Positive
klobuchar_196_2.mp4,Neutral
klobuchar_1961_2.mp4,Positive
klobuchar_1962_0.mp4,Positive
klobuchar_1962_2.mp4,Positive
klobuchar_1964_0.mp4,Neutral
klobuchar_1964_1_2.mp4,Positive
klobuchar_1968_3.mp4,Positive
klobuchar_1974_0.mp4,Neutral
klobuchar_198_0.mp4,Positive
klobuchar_1994_0.mp4,Neutral
klobuchar_1997_1.mp4,Negative
klobuchar_1998_3.mp4,Neutral
klobuchar_20_2.mp4,Neutral
klobuchar_2004_0.mp4,Positive
klobuchar_2008_0.mp4,Neutral
klobuchar_2008_4_0.mp4,Neutral
klobuchar_2013_0.mp4,Neutral
klobuchar_202_0.mp4,Positive
klobuchar_2027_1.mp4,Positive
klobuchar_2063_2.mp4,Neutral
klobuchar_2064_0.mp4,Neutral
klobuchar_209_2.mp4,Neutral
klobuchar_2102_0.mp4,Neutral
klobuchar_2116_0.mp4,Positive
klobuchar_2116_1.mp4,Neutral
klobuchar_2125_0.mp4,Positive
klobuchar_2171_0.mp4,Neutral
klobuchar_2173_3.mp4,Neutral
klobuchar_2173_4_0.mp4,Neutral
klobuchar_2178_1.mp4,Neutral
klobuchar_2195_2.mp4,Neutral
klobuchar_2197_5.mp4,Neutral
klobuchar_222_0.mp4,Positive
klobuchar_222_1.mp4,Positive
klobuchar_2224_1.mp4,Neutral
klobuchar_2247_2.mp4,Neutral
klobuchar_2247_3.mp4,Neutral
klobuchar_2264_1_0.mp4,Positive
klobuchar_2300_0.mp4,Neutral
klobuchar_2393_1.mp4,Positive
klobuchar_242_0.mp4,Neutral
klobuchar_2427_0.mp4,Positive
klobuchar_2429_0.mp4,Neutral
klobuchar_2440_0.mp4,Positive
klobuchar_2447_4_0.mp4,Positive
klobuchar_2489_1_1.mp4,Neutral
klobuchar_25_2.mp4,Positive
klobuchar_2534_1.mp4,Positive
klobuchar_2572_2.mp4,Neutral
klobuchar_2573_0.mp4,Neutral
klobuchar_2617_0.mp4,Neutral
klobuchar_263_2_0.mp4,Neutral
klobuchar_263_2_3.mp4,Neutral
klobuchar_263_2_5.mp4,Neutral
klobuchar_273_1.mp4,Neutral
klobuchar_283_1_3.mp4,Negative
klobuchar_29_4.mp4,Positive
klobuchar_29_5.mp4,Positive
klobuchar_293_1_0.mp4,Positive
klobuchar_298_0.mp4,Neutral
klobuchar_305_0.mp4,Neutral
klobuchar_309_2.mp4,Neutral
klobuchar_318_2.mp4,Neutral
klobuchar_328_4.mp4,Positive
klobuchar_338_1_1.mp4,Neutral
klobuchar_338_1_3.mp4,Neutral
klobuchar_340_4.mp4,Positive
klobuchar_340_5.mp4,Neutral
klobuchar_354_4.mp4,Positive
klobuchar_360_1_0.mp4,Positive
klobuchar_364_0.mp4,Positive
klobuchar_371_0.mp4,Neutral
klobuchar_374_2_0.mp4,Neutral
klobuchar_378_0.mp4,Neutral
klobuchar_378_0_4.mp4,Positive
klobuchar_38_1.mp4,Positive
klobuchar_38_1_0.mp4,Positive
klobuchar_394_2.mp4,Neutral
klobuchar_395_1.mp4,Neutral
klobuchar_397_0.mp4,Neutral
klobuchar_404_1_0.mp4,Neutral
klobuchar_449_1.mp4,Positive
klobuchar_450_0.mp4,Neutral
klobuchar_466_5.mp4,Neutral
klobuchar_485_1.mp4,Positive
klobuchar_488_5.mp4,Positive
klobuchar_506_2_0.mp4,Negative
klobuchar_506_2_1.mp4,Negative
klobuchar_506_2_3.mp4,Neutral
klobuchar_506_2_6.mp4,Neutral
klobuchar_506_2_8.mp4,Neutral
klobuchar_538_2.mp4,Neutral
klobuchar_541_2_2.mp4,Neutral
klobuchar_578_1.mp4,Neutral
klobuchar_592_11.mp4,Neutral
klobuchar_594_0_1.mp4,Positive
klobuchar_641_0_0.mp4,Neutral
klobuchar_644_2.mp4,Positive
klobuchar_682_1_2.mp4,Positive
klobuchar_693_0.mp4,Positive
klobuchar_712_0.mp4,Positive
klobuchar_727_0.mp4,Neutral
klobuchar_734_3_0.mp4,Neutral
klobuchar_748_3.mp4,Neutral
klobuchar_755_0.mp4,Positive
klobuchar_756_6_0.mp4,Neutral
klobuchar_769_0.mp4,Neutral
klobuchar_786_0.mp4,Positive
klobuchar_79_0.mp4,Positive
klobuchar_802_3.mp4,Neutral
klobuchar_807_0.mp4,Neutral
klobuchar_822_0.mp4,Neutral
klobuchar_856_1_0.mp4,Positive
klobuchar_856_4_2.mp4,Neutral
klobuchar_856_4_3.mp4,Neutral
klobuchar_859_4.mp4,Positive
klobuchar_87_1.mp4,Positive
klobuchar_87_3.mp4,Positive
klobuchar_877_0.mp4,Neutral
klobuchar_884_5.mp4,Neutral
klobuchar_922_0.mp4,Neutral
klobuchar_924_0_9.mp4,Neutral
klobuchar_931_0.mp4,Neutral
klobuchar_968_1.mp4,Neutral
klobuchar_971_3.mp4,Neutral
sanders_11_0.mp4,Neutral
sanders_1122_0.mp4,Neutral
sanders_14_0_0.mp4,Negative
sanders_17_0_0.mp4,Positive
sanders_1866_0.mp4,Negative
sanders_21_0_0.mp4,Negative
sanders_23_0.mp4,Negative
sanders_2753_0.mp4,Negative
sanders_28_0.mp4,Neutral
sanders_3_0.mp4,Positive
sanders_3059_5.mp4,Negative
sanders_320_1.mp4,Neutral
sanders_3585_0.mp4,Negative
sanders_41_2.mp4,Positive
sanders_42_0.mp4,Negative
sanders_430_0.mp4,Neutral
sanders_439_2.mp4,Neutral
sanders_47_0.mp4,Neutral
sanders_4790_3.mp4,Negative
sanders_50_0.mp4,Negative
sanders_558_1.mp4,Neutral
sanders_5892_0.mp4,Neutral
sanders_5892_2.mp4,Negative
sanders_62_0.mp4,Negative
sanders_620_0.mp4,Positive
sanders_66_0.mp4,Neutral
sanders_67_0.mp4,Neutral
sanders_68_0.mp4,Negative
sanders_69_0.mp4,Negative
sanders_7_0.mp4,Positive
sanders_7008_0.mp4,Negative
sanders_8_0.mp4,Negative
sanders_97_2.mp4,Neutral
sanders_1005_0.mp4,Neutral
sanders_1025_0.mp4,Neutral
sanders_1025_1.mp4,Neutral
sanders_1089_2.mp4,Neutral
sanders_1142_0.mp4,Neutral
sanders_1159_0.mp4,Neutral
sanders_1295_0.mp4,Neutral
sanders_1300_3.mp4,Neutral
sanders_1326_1.mp4,Neutral
sanders_1362_0.mp4,Negative
sanders_1410_0.mp4,Positive
sanders_1554_0.mp4,Neutral
sanders_1812_0.mp4,Negative
sanders_1889_1.mp4,Neutral
sanders_191_5.mp4,Neutral
sanders_2001_4.mp4,Neutral
sanders_2051_0.mp4,Negative
sanders_2071_0.mp4,Neutral
sanders_2077_0.mp4,Neutral
sanders_2082_4.mp4,Negative
sanders_2122_3.mp4,Negative
sanders_2144_0.mp4,Neutral
sanders_2201_1.mp4,Neutral
sanders_2201_2.mp4,Negative
sanders_2215_0.mp4,Neutral
sanders_2236_0.mp4,Neutral
sanders_2321_1.mp4,Neutral
sanders_2322_0_0.mp4,Negative
sanders_2348_0.mp4,Neutral
sanders_2348_1.mp4,Neutral
sanders_2442_1.mp4,Neutral
sanders_2445_0.mp4,Neutral
sanders_2536_3.mp4,Neutral
sanders_2632_1.mp4,Neutral
sanders_2632_3.mp4,Neutral
sanders_2686_0.mp4,Neutral
sanders_2714_0.mp4,Negative
sanders_2768_2.mp4,Neutral
sanders_2792_1.mp4,Positive
sanders_2812_1.mp4,Neutral
sanders_282_0.mp4,Neutral
sanders_2893_0.mp4,Positive
sanders_2944_0_2.mp4,Neutral
sanders_2959_0.mp4,Neutral
sanders_2981_0.mp4,Neutral
sanders_3026_0_0.mp4,Neutral
sanders_305_1.mp4,Negative
sanders_306_3.mp4,Neutral
sanders_3190_0.mp4,Neutral
sanders_3233_8.mp4,Negative
sanders_3298_0.mp4,Neutral
sanders_3335_4.mp4,Neutral
sanders_3498_1.mp4,Neutral
sanders_353_0.mp4,Neutral
sanders_355_2.mp4,Neutral
sanders_3572_0.mp4,Neutral
sanders_3575_0.mp4,Neutral
sanders_3699_0.mp4,Neutral
sanders_3751_2.mp4,Negative
sanders_381_1.mp4,Neutral
sanders_387_4.mp4,Neutral
sanders_3908_0.mp4,Neutral
sanders_3983_2.mp4,Neutral
sanders_4014_0.mp4,Neutral
sanders_4014_2.mp4,Negative
sanders_4201_2.mp4,Neutral
sanders_423_0.mp4,Neutral
sanders_423_2.mp4,Neutral
sanders_423_5.mp4,Neutral
sanders_423_7.mp4,Neutral
sanders_427_0.mp4,Neutral
sanders_4281_0.mp4,Neutral
sanders_4285_0.mp4,Neutral
sanders_4340_0.mp4,Neutral
sanders_438_0.mp4,Neutral
sanders_439_11.mp4,Neutral
sanders_4409_0.mp4,Neutral
sanders_4417_0.mp4,Negative
sanders_4508_0.mp4,Neutral
sanders_4517_2.mp4,Neutral
sanders_4531_0.mp4,Neutral
sanders_457_7.mp4,Neutral
sanders_4712_5.mp4,Neutral
sanders_4790_5.mp4,Neutral
sanders_4854_2.mp4,Neutral
sanders_4862_0.mp4,Neutral
sanders_4875_1.mp4,Neutral
sanders_4907_1.mp4,Neutral
sanders_5004_5.mp4,Neutral
sanders_5044_0.mp4,Neutral
sanders_5044_3.mp4,Neutral
sanders_5044_4.mp4,Neutral
sanders_5062_0.mp4,Neutral
sanders_5193_0.mp4,Negative
sanders_5205_0.mp4,Neutral
sanders_5211_1.mp4,Positive
sanders_5212_1.mp4,Neutral
sanders_5212_2.mp4,Neutral
sanders_5212_6.mp4,Neutral
sanders_5226_1.mp4,Neutral
sanders_5230_2.mp4,Neutral
sanders_5328_0.mp4,Neutral
sanders_5333_1.mp4,Negative
sanders_5339_2.mp4,Neutral
sanders_5339_7.mp4,Neutral
sanders_5445_0.mp4,Neutral
sanders_5538_0.mp4,Neutral
sanders_558_2.mp4,Neutral
sanders_561_0.mp4,Neutral
sanders_5626_2.mp4,Neutral
sanders_5667_0.mp4,Neutral
sanders_5675_0.mp4,Neutral
sanders_5722_4.mp4,Neutral
sanders_5742_1.mp4,Neutral
sanders_5749_1.mp4,Neutral
sanders_5755_0.mp4,Positive
sanders_5783_0.mp4,Neutral
sanders_5882_0.mp4,Positive
sanders_5921_0.mp4,Neutral
sanders_5999_4.mp4,Neutral
sanders_6012_0.mp4,Neutral
sanders_604_2.mp4,Neutral
sanders_6108_0.mp4,Neutral
sanders_612_2.mp4,Neutral
sanders_6178_4.mp4,Neutral
sanders_6178_9.mp4,Neutral
sanders_619_0.mp4,Neutral
sanders_6232_0.mp4,Neutral
sanders_6268_0.mp4,Neutral
sanders_6294_1.mp4,Neutral
sanders_6297_0.mp4,Neutral
sanders_6307_1.mp4,Neutral
sanders_6401_2_0.mp4,Positive
sanders_6469_3_0.mp4,Neutral
sanders_652_0.mp4,Negative
sanders_652_3.mp4,Negative
sanders_6555_1.mp4,Positive
sanders_6556_0.mp4,Neutral
sanders_6556_1.mp4,Neutral
sanders_658_1.mp4,Neutral
sanders_6582_0.mp4,Negative
sanders_6583_2.mp4,Negative
sanders_66_1.mp4,Neutral
sanders_6659_3.mp4,Neutral
sanders_6714_0.mp4,Neutral
sanders_6788_0.mp4,Neutral
sanders_6912_0.mp4,Neutral
sanders_6915_1.mp4,Neutral
sanders_6976_1.mp4,Neutral
sanders_7059_1.mp4,Neutral
sanders_7201_1.mp4,Neutral
sanders_7201_2.mp4,Neutral
sanders_7204_3.mp4,Neutral
sanders_7308_1.mp4,Neutral
sanders_741_1.mp4,Neutral
sanders_7451_0.mp4,Neutral
sanders_754_1.mp4,Neutral
sanders_7693_0.mp4,Positive
sanders_82_3.mp4,Neutral
sanders_898_1.mp4,Neutral
sanders_909_0.mp4,Neutral
sanders_927_0.mp4,Negative
sanders_938_0_0.mp4,Negative
sanders_951_1.mp4,Neutral
sanders_955_2.mp4,Neutral
sanders_973_2.mp4,Neutral
sanders_973_5.mp4,Neutral
sanders_989_0.mp4,Neutral
sanders_993_0.mp4,Positive
sanders_997_0.mp4,Neutral
warren_1139_1.mp4,Neutral
warren_1597_0.mp4,Positive
warren_162_6.mp4,Neutral
warren_21_2.mp4,Neutral
warren_2124_0.mp4,Negative
warren_2391_0.mp4,Negative
warren_2501_0_0.mp4,Neutral
warren_2510_0.mp4,Neutral
warren_2513_0.mp4,Negative
warren_2515_0.mp4,Positive
warren_2516_0.mp4,Negative
warren_2518_0.mp4,Neutral
warren_2521_0.mp4,Positive
warren_2522_0.mp4,Neutral
warren_2524_0.mp4,Negative
warren_2526_0.mp4,Neutral
warren_2540_0.mp4,Positive
warren_2541_0.mp4,Neutral
warren_2544_0.mp4,Neutral
warren_2547_0.mp4,Neutral
warren_2550_0.mp4,Neutral
warren_2552_0.mp4,Negative
warren_2553_0.mp4,Neutral
warren_2557_0.mp4,Negative
warren_2799_9.mp4,Positive
warren_2971_1.mp4,Neutral
warren_302_0_1.mp4,Neutral
warren_3297_4.mp4,Neutral
warren_3502_0.mp4,Neutral
warren_4015_0.mp4,Neutral
warren_4356_0.mp4,Positive
warren_4363_5.mp4,Neutral
warren_4393_0.mp4,Positive
warren_4514_0_0.mp4,Positive
warren_4576_2.mp4,Positive
warren_610_0_0.mp4,Positive
warren_1030_0.mp4,Neutral
warren_1031_2.mp4,Neutral
warren_11_6.mp4,Neutral
warren_1115_0_2.mp4,Negative
warren_1150_5.mp4,Neutral
warren_1160_2.mp4,Neutral
warren_1208_0_4.mp4,Neutral
warren_1218_1.mp4,Neutral
warren_1236_0_3.mp4,Positive
warren_1291_0_0.mp4,Neutral
warren_1291_0_1.mp4,Neutral
warren_1310_0_3.mp4,Neutral
warren_1331_1_1.mp4,Positive
warren_1349_5.mp4,Neutral
warren_1354_3.mp4,Neutral
warren_1362_7_0.mp4,Neutral
warren_1385_1.mp4,Neutral
warren_1386_0.mp4,Neutral
warren_139_0.mp4,Neutral
warren_139_13.mp4,Positive
warren_1420_0.mp4,Positive
warren_1452_3.mp4,Neutral
warren_1452_6.mp4,Positive
warren_1470_0.mp4,Negative
warren_1488_2.mp4,Neutral
warren_1492_3.mp4,Positive
warren_1522_0.mp4,Neutral
warren_1551_1.mp4,Neutral
warren_1567_0.mp4,Neutral
warren_1574_4.mp4,Neutral
warren_1576_0.mp4,Positive
warren_1589_0_0.mp4,Negative
warren_1594_4.mp4,Neutral
warren_1594_4_1.mp4,Neutral
warren_1625_0_3.mp4,Neutral
warren_1627_1_0.mp4,Neutral
warren_167_0.mp4,Neutral
warren_169_1.mp4,Neutral
warren_1698_2_1.mp4,Neutral
warren_1725_1.mp4,Positive
warren_173_1_1.mp4,Negative
warren_1742_3.mp4,Neutral
warren_1758_1.mp4,Neutral
warren_1758_2_1.mp4,Neutral
warren_179_2.mp4,Neutral
warren_1793_0.mp4,Neutral
warren_1794_0.mp4,Neutral
warren_1813_2.mp4,Negative
warren_1825_0.mp4,Positive
warren_1826_2.mp4,Neutral
warren_1843_1_0.mp4,Positive
warren_1860_0.mp4,Neutral
warren_1886_3.mp4,Neutral
warren_1929_0.mp4,Positive
warren_1938_1.mp4,Positive
warren_20_0.mp4,Neutral
warren_2028_1_2.mp4,Neutral
warren_2032_1_3.mp4,Neutral
warren_2034_3.mp4,Neutral
warren_2072_0.mp4,Positive
warren_209_3.mp4,Positive
warren_2115_5.mp4,Neutral
warren_2123_0.mp4,Positive
warren_2126_1.mp4,Positive
warren_2133_0_4.mp4,Neutral
warren_2141_1.mp4,Neutral
warren_2143_4.mp4,Neutral
warren_215_3.mp4,Neutral
warren_2171_3.mp4,Neutral
warren_2189_0.mp4,Neutral
warren_2196_2.mp4,Positive
warren_2250_0.mp4,Neutral
warren_2258_4.mp4,Neutral
warren_2277_1.mp4,Neutral
warren_2278_0.mp4,Neutral
warren_2292_0.mp4,Neutral
warren_23_2.mp4,Positive
warren_231_0_4.mp4,Neutral
warren_2337_3.mp4,Positive
warren_2358_0.mp4,Neutral
warren_250_2.mp4,Neutral
warren_2541_1.mp4,Neutral
warren_256_0.mp4,Neutral
warren_256_4.mp4,Neutral
warren_2568_0.mp4,Neutral
warren_2577_4.mp4,Neutral
warren_2582_0.mp4,Neutral
warren_2582_4_0.mp4,Positive
warren_2613_0.mp4,Neutral
warren_2622_0.mp4,Positive
warren_2625_2.mp4,Neutral
warren_2650_2.mp4,Positive
warren_2650_4_3.mp4,Neutral
warren_2654_1.mp4,Neutral
warren_2707_0.mp4,Neutral
warren_271_3.mp4,Positive
warren_2715_0.mp4,Neutral
warren_273_1.mp4,Neutral
warren_275_2.mp4,Positive
warren_2757_0.mp4,Positive
warren_2757_2_1.mp4,Neutral
warren_2757_2_2.mp4,Neutral
warren_2799_7.mp4,Neutral
warren_2799_8.mp4,Neutral
warren_2896_2.mp4,Neutral
warren_2900_3.mp4,Positive
warren_296_0_0.mp4,Negative
warren_2984_0.mp4,Neutral
warren_302_0.mp4,Neutral
warren_303_0.mp4,Neutral
warren_3096_0.mp4,Neutral
warren_3174_0.mp4,Neutral
warren_3187_1.mp4,Positive
warren_3221_5_1.mp4,Neutral
warren_3283_0.mp4,Positive
warren_3292_2_3.mp4,Neutral
warren_3308_0.mp4,Neutral
warren_3308_1.mp4,Neutral
warren_3314_3.mp4,Positive
warren_3351_0_0.mp4,Positive
warren_3405_0_2.mp4,Neutral
warren_3428_1.mp4,Neutral
warren_349_0.mp4,Neutral
warren_3492_0.mp4,Negative
warren_35_1.mp4,Neutral
warren_35_1_0.mp4,Neutral
warren_3519_0.mp4,Neutral
warren_3550_0.mp4,Neutral
warren_361_3_1.mp4,Neutral
warren_3630_1.mp4,Positive
warren_367_7.mp4,Neutral
warren_3683_1_1.mp4,Neutral
warren_369_3.mp4,Neutral
warren_3709_0.mp4,Neutral
warren_3757_1.mp4,Neutral
warren_376_0.mp4,Neutral
warren_3840_0_0.mp4,Neutral
warren_3886_0.mp4,Neutral
warren_3936_0.mp4,Neutral
warren_3940_5.mp4,Neutral
warren_3961_1.mp4,Neutral
warren_3968_2.mp4,Neutral
warren_3978_0.mp4,Negative
warren_3985_0.mp4,Positive
warren_3994_1.mp4,Positive
warren_3995_0_1.mp4,Positive
warren_4022_0.mp4,Neutral
warren_4090_0.mp4,Neutral
warren_4118_3.mp4,Neutral
warren_4118_4.mp4,Neutral
warren_4201_1.mp4,Neutral
warren_4234_0.mp4,Neutral
warren_4276_0.mp4,Neutral
warren_4343_0_5.mp4,Negative
warren_4350_0.mp4,Neutral
warren_4397_2.mp4,Neutral
warren_4444_1.mp4,Neutral
warren_4498_1_0.mp4,Neutral
warren_4507_1.mp4,Positive
warren_4560_1.mp4,Neutral
warren_4560_1_0.mp4,Neutral
warren_4613_0.mp4,Neutral
warren_4644_1.mp4,Positive
warren_4660_2.mp4,Neutral
warren_4713_1.mp4,Positive
warren_4749_0.mp4,Positive
warren_4856_2.mp4,Neutral
warren_492_6.mp4,Neutral
warren_4941_0.mp4,Positive
warren_4947_1_7.mp4,Neutral
warren_4994_1.mp4,Positive
warren_4998_0.mp4,Neutral
warren_503_2.mp4,Neutral
warren_5053_0.mp4,Neutral
warren_5074_0.mp4,Negative
warren_5079_1.mp4,Neutral
warren_5082_0.mp4,Neutral
warren_5091_1_0.mp4,Neutral
warren_5091_4.mp4,Neutral
warren_5096_1.mp4,Neutral
warren_526_1_0.mp4,Neutral
warren_532_0.mp4,Neutral
warren_556_0_0.mp4,Neutral
warren_556_0_1.mp4,Neutral
warren_567_1.mp4,Neutral
warren_58_0_1.mp4,Positive
warren_584_0_0.mp4,Neutral
warren_584_1.mp4,Neutral
warren_590_1_0.mp4,Neutral
warren_597_1.mp4,Neutral
warren_603_0_0.mp4,Neutral
warren_65_2.mp4,Neutral
warren_67_0.mp4,Neutral
warren_708_0.mp4,Neutral
warren_710_0.mp4,Neutral
warren_763_0.mp4,Positive
warren_770_0.mp4,Neutral
warren_790_3.mp4,Neutral
warren_827_0_2.mp4,Negative
warren_839_1.mp4,Positive
warren_839_4_0.mp4,Neutral
warren_839_4_1.mp4,Neutral
warren_843_0.mp4,Positive
warren_861_2.mp4,Neutral
warren_867_1_0.mp4,Neutral
warren_929_3.mp4,Positive
warren_932_0_0.mp4,Neutral
warren_940_3.mp4,Neutral
warren_942_0.mp4,Positive
warren_942_6.mp4,Neutral
warren_981_0_1.mp4,Positive
warren_984_2.mp4,Positive
warren_990_4.mp4,Neutral
warren_994_2.mp4,Neutral
yang_127_0.mp4,Neutral
yang_142_4.mp4,Neutral
yang_166_6.mp4,Neutral
yang_170_5.mp4,Neutral
yang_213_0.mp4,Positive
yang_240_0.mp4,Negative
yang_25_0.mp4,Neutral
yang_257_4_1.mp4,Neutral
yang_30_0.mp4,Positive
yang_31_0.mp4,Neutral
yang_31_4.mp4,Positive
yang_322_4_0.mp4,Negative
yang_33_0.mp4,Positive
yang_339_0.mp4,Positive
yang_35_0.mp4,Positive
yang_36_0.mp4,Neutral
yang_368_7.mp4,Negative
yang_40_0.mp4,Positive
yang_41_0_0.mp4,Negative
yang_44_0.mp4,Positive
yang_452_0_0.mp4,Positive
yang_459_0.mp4,Positive
yang_46_0.mp4,Neutral
yang_47_0.mp4,Positive
yang_54_0.mp4,Neutral
yang_561_1.mp4,Neutral
yang_66_0.mp4,Positive
yang_68_0.mp4,Positive
yang_7_0_0.mp4,Positive
yang_72_0.mp4,Neutral
yang_74_0.mp4,Neutral
yang_75_0.mp4,Positive
yang_831_5.mp4,Neutral
yang_835_0.mp4,Neutral
yang_842_3.mp4,Neutral
yang_884_0.mp4,Neutral
yang_101_0.mp4,Neutral
yang_109_1.mp4,Neutral
yang_112_0.mp4,Positive
yang_117_2.mp4,Neutral
yang_130_2.mp4,Neutral
yang_142_1.mp4,Neutral
yang_145_0.mp4,Neutral
yang_145_2.mp4,Neutral
yang_145_4.mp4,Neutral
yang_150_0_0.mp4,Positive
yang_150_0_5.mp4,Neutral
yang_151_0.mp4,Neutral
yang_160_2.mp4,Neutral
yang_160_4.mp4,Positive
yang_166_0_0.mp4,Neutral
yang_166_3.mp4,Neutral
yang_166_4_1.mp4,Neutral
yang_166_4_2.mp4,Neutral
yang_166_4_3.mp4,Neutral
yang_166_5_0.mp4,Neutral
yang_168_0_0.mp4,Positive
yang_168_1.mp4,Positive
yang_168_1_0.mp4,Positive
yang_168_1_2.mp4,Positive
yang_170_2.mp4,Neutral
yang_177_1.mp4,Positive
yang_178_0_0.mp4,Neutral
yang_180_1.mp4,Neutral
yang_182_0.mp4,Neutral
yang_193_0.mp4,Positive
yang_193_1.mp4,Neutral
yang_193_5.mp4,Neutral
yang_2_3.mp4,Neutral
yang_203_0.mp4,Neutral
yang_215_1.mp4,Neutral
yang_221_0.mp4,Positive
yang_231_11.mp4,Neutral
yang_233_0_2.mp4,Positive
yang_236_0.mp4,Neutral
yang_236_1.mp4,Positive
yang_242_1.mp4,Neutral
yang_257_0_0.mp4,Neutral
yang_257_1.mp4,Positive
yang_257_2.mp4,Positive
yang_257_4_3.mp4,Neutral
yang_257_4_4.mp4,Neutral
yang_257_5.mp4,Neutral
yang_257_6.mp4,Neutral
yang_257_7.mp4,Neutral
yang_258_0.mp4,Neutral
yang_258_4_2.mp4,Neutral
yang_258_5.mp4,Neutral
yang_258_5_0.mp4,Neutral
yang_258_7.mp4,Neutral
yang_277_1.mp4,Neutral
yang_277_2.mp4,Neutral
yang_281_2.mp4,Neutral
yang_281_3.mp4,Neutral
yang_282_0.mp4,Neutral
yang_284_0.mp4,Neutral
yang_29_1_0.mp4,Neutral
yang_29_2.mp4,Neutral
yang_297_2.mp4,Neutral
yang_297_4.mp4,Neutral
yang_298_2.mp4,Neutral
yang_30_1.mp4,Neutral
yang_300_0.mp4,Neutral
yang_304_0.mp4,Neutral
yang_310_0.mp4,Neutral
yang_310_1.mp4,Neutral
yang_310_5.mp4,Neutral
yang_322_2.mp4,Neutral
yang_322_3.mp4,Neutral
yang_326_0.mp4,Neutral
yang_328_0.mp4,Neutral
yang_33_2.mp4,Neutral
yang_33_4.mp4,Neutral
yang_33_5.mp4,Neutral
yang_345_1.mp4,Neutral
yang_346_1.mp4,Neutral
yang_346_2.mp4,Neutral
yang_346_2_0.mp4,Neutral
yang_36_3.mp4,Neutral
yang_36_6.mp4,Positive
yang_362_4.mp4,Neutral
yang_363_0.mp4,Neutral
yang_368_3.mp4,Neutral
yang_368_4.mp4,Neutral
yang_368_5.mp4,Neutral
yang_368_6.mp4,Neutral
yang_381_0.mp4,Positive
yang_382_0.mp4,Neutral
yang_382_1.mp4,Neutral
yang_399_0.mp4,Neutral
yang_399_0_0.mp4,Neutral
yang_399_4_3.mp4,Neutral
yang_399_6.mp4,Neutral
yang_4_0_1.mp4,Positive
yang_401_2.mp4,Positive
yang_410_2.mp4,Neutral
yang_411_0.mp4,Negative
yang_416_0.mp4,Neutral
yang_416_2.mp4,Neutral
yang_418_0.mp4,Neutral
yang_418_2.mp4,Neutral
yang_418_3.mp4,Neutral
yang_431_0_0.mp4,Positive
yang_44_1.mp4,Positive
yang_444_1.mp4,Neutral
yang_450_0.mp4,Neutral
yang_452_0.mp4,Neutral
yang_452_1.mp4,Neutral
yang_457_3.mp4,Neutral
yang_457_5.mp4,Neutral
yang_457_6.mp4,Neutral
yang_459_1.mp4,Positive
yang_459_1_0.mp4,Neutral
yang_46_1.mp4,Neutral
yang_46_3.mp4,Neutral
yang_46_4.mp4,Neutral
yang_474_2.mp4,Neutral
yang_485_0.mp4,Neutral
yang_490_2.mp4,Neutral
yang_490_5.mp4,Neutral
yang_490_6.mp4,Neutral
yang_494_0.mp4,Neutral
yang_494_1_0.mp4,Neutral
yang_502_1.mp4,Neutral
yang_506_4.mp4,Neutral
yang_506_5.mp4,Positive
yang_517_0.mp4,Positive
yang_517_2.mp4,Positive
yang_524_0.mp4,Neutral
yang_526_1.mp4,Positive
yang_537_0.mp4,Neutral
yang_547_0_1.mp4,Positive
yang_549_0.mp4,Neutral
yang_549_1.mp4,Neutral
yang_549_1_0.mp4,Neutral
yang_550_2.mp4,Neutral
yang_561_4.mp4,Neutral
yang_561_5.mp4,Neutral
yang_561_6.mp4,Neutral
yang_563_0_0.mp4,Positive
yang_563_0_1.mp4,Positive
yang_570_3.mp4,Neutral
yang_570_4.mp4,Neutral
yang_573_1_0.mp4,Neutral
yang_573_2.mp4,Positive
yang_575_0.mp4,Positive
yang_58_2.mp4,Positive
yang_581_0.mp4,Neutral
yang_582_0.mp4,Neutral
yang_605_0.mp4,Positive
yang_607_1.mp4,Positive
yang_616_0.mp4,Neutral
yang_616_1.mp4,Neutral
yang_616_2.mp4,Neutral
yang_616_2_0.mp4,Neutral
yang_626_0.mp4,Positive
yang_660_1.mp4,Neutral
yang_670_1.mp4,Neutral
yang_688_0.mp4,Neutral
yang_688_1.mp4,Neutral
yang_690_0.mp4,Positive
yang_698_0.mp4,Neutral
yang_7_0.mp4,Positive
yang_701_0.mp4,Neutral
yang_701_2.mp4,Neutral
yang_701_4.mp4,Neutral
yang_701_4_0.mp4,Neutral
yang_702_0.mp4,Neutral
yang_702_5.mp4,Neutral
yang_702_6.mp4,Neutral
yang_707_0.mp4,Neutral
yang_707_3.mp4,Neutral
yang_718_0_2.mp4,Positive
yang_723_0.mp4,Neutral
yang_735_0.mp4,Neutral
yang_737_0_0.mp4,Neutral
yang_737_1.mp4,Neutral
yang_738_0_0.mp4,Positive
yang_751_0.mp4,Neutral
yang_751_1.mp4,Neutral
yang_767_0.mp4,Neutral
yang_772_0.mp4,Neutral
yang_778_1.mp4,Neutral
yang_778_2.mp4,Neutral
yang_790_5.mp4,Neutral
yang_790_8.mp4,Neutral
yang_796_0.mp4,Neutral
yang_797_0.mp4,Neutral
yang_797_5.mp4,Neutral
yang_797_6.mp4,Neutral
yang_797_7.mp4,Neutral
yang_797_8.mp4,Neutral
yang_798_0.mp4,Neutral
yang_802_1.mp4,Neutral
yang_804_1.mp4,Neutral
yang_809_0.mp4,Neutral
yang_809_1.mp4,Neutral
yang_810_1_0.mp4,Neutral
yang_818_0_0.mp4,Neutral
yang_818_2.mp4,Neutral
yang_831_0.mp4,Neutral
yang_842_0.mp4,Neutral
yang_842_1_0.mp4,Neutral
yang_847_1.mp4,Neutral
yang_847_3.mp4,Neutral
yang_889_0.mp4,Positive
yang_889_0_0.mp4,Positive
yang_90_1.mp4,Positive
yang_90_3.mp4,Neutral
yang_909_5.mp4,Neutral
yang_909_7.mp4,Neutral
yang_909_8.mp4,Neutral
yang_91_0.mp4,Neutral
yang_911_4.mp4,Neutral
yang_911_5.mp4,Neutral
yang_94_0.mp4,Neutral
yang_98_1_0.mp4,Neutral
yang_98_1_1.mp4,Neutral
yang_98_5.mp4,Neutral
yang_98_6.mp4,Neutral
buttigieg_492_3.mp4,Neutral
buttigieg_2485_0.mp4,Neutral
buttigieg_2932_2.mp4,Neutral
buttigieg_2987_0.mp4,Neutral
buttigieg_3007_4.mp4,Neutral
buttigieg_3024_4.mp4,Neutral
buttigieg_3024_5.mp4,Positive
buttigieg_3111_1.mp4,Positive
buttigieg_3166_3.mp4,Neutral
buttigieg_3166_4.mp4,Neutral
buttigieg_3167_1.mp4,Neutral
buttigieg_3247_2.mp4,Positive
buttigieg_3247_3.mp4,Neutral
buttigieg_3255_0.mp4,Neutral
buttigieg_3255_1.mp4,Neutral
buttigieg_3305_1.mp4,Neutral
buttigieg_3305_2.mp4,Neutral
buttigieg_3509_3.mp4,Neutral
buttigieg_3624_0.mp4,Positive
buttigieg_3691_0.mp4,Neutral
buttigieg_3691_3.mp4,Neutral
buttigieg_3800_0.mp4,Neutral
buttigieg_3867_2.mp4,Neutral
buttigieg_3867_3.mp4,Positive
buttigieg_3869_1.mp4,Neutral
buttigieg_3870_0.mp4,Neutral
buttigieg_3879_1.mp4,Neutral
buttigieg_3957_0.mp4,Neutral
klobuchar_115_0_2.mp4,Negative
klobuchar_141_0_0.mp4,Negative
klobuchar_141_0.mp4,Neutral
klobuchar_141_1_1.mp4,Negative
klobuchar_141_1_2.mp4,Negative
klobuchar_1466_0.mp4,Neutral
klobuchar_1466_1.mp4,Neutral
klobuchar_1553_0.mp4,Positive
klobuchar_1553_1.mp4,Neutral
klobuchar_1791_2.mp4,Neutral
klobuchar_1810_0.mp4,Neutral
klobuchar_2008_2.mp4,Neutral
klobuchar_2077_8.mp4,Neutral
klobuchar_2077_11.mp4,Positive
klobuchar_2246_0_0.mp4,Positive
klobuchar_2402_0.mp4,Neutral
klobuchar_2486_1.mp4,Neutral
klobuchar_2535_3.mp4,Positive
yang_29_0.mp4,Neutral
yang_29_1.mp4,Neutral
yang_41_0.mp4,Neutral
yang_94_2.mp4,Neutral
yang_160_0_0.mp4,Neutral
yang_182_1.mp4,Negative
yang_216_0.mp4,Neutral
yang_284_1.mp4,Positive
yang_298_1.mp4,Neutral
yang_322_4_1.mp4,Neutral
yang_490_0.mp4,Positive
yang_542_0.mp4,Neutral
yang_542_1.mp4,Neutral
yang_676_0.mp4,Neutral
yang_788_0.mp4,Positive
yang_790_1.mp4,Neutral
yang_804_0.mp4,Neutral
yang_804_2.mp4,Positive
yang_829_0.mp4,Neutral
buttigieg_1_2.mp4,Neutral
buttigieg_24_1_0.mp4,Negative
buttigieg_65_1.mp4,Negative
buttigieg_496_0.mp4,Neutral
buttigieg_691_2.mp4,Neutral
buttigieg_706_1.mp4,Neutral
buttigieg_1310_0_0.mp4,Negative
buttigieg_1857_0.mp4,Negative
buttigieg_1873_0.mp4,Neutral
buttigieg_1894_3.mp4,Neutral
buttigieg_1908_2.mp4,Neutral
buttigieg_1941_7.mp4,Negative
buttigieg_2221_1.mp4,Neutral
buttigieg_2459_1.mp4,Neutral
buttigieg_2639_1.mp4,Neutral
buttigieg_2934_4.mp4,Neutral
buttigieg_2935_1.mp4,Negative
buttigieg_2948_1.mp4,Positive
buttigieg_2958_7.mp4,Neutral
buttigieg_3363_0_0.mp4,Negative
buttigieg_3652_2.mp4,Neutral
buttigieg_3731_11.mp4,Neutral
buttigieg_3980_1.mp4,Neutral
buttigieg_4231_13.mp4,Neutral
yang_4_0.mp4,Neutral
yang_198_0.mp4,Neutral
yang_574_0.mp4,Neutral
yang_886_0.mp4,Neutral
